Country Name,Country Code,Series Name,Series Code,2018 [YR2018],2019 [YR2019],2020 [YR2020],2021 [YR2021],2022 [YR2022]
Afghanistan,AFG,CPIA gender equality rating (1=low to 6=high),IQ.CPA.GNDR.XQ,1.5,1.5,1.5,..,..
Afghanistan,AFG,"Employment in industry, female (% of female employment) (modeled ILO estimate)",SL.IND.EMPL.FE.ZS,23.55313,24.07933,26.41834,..,..
Albania,ALB,CPIA gender equality rating (1=low to 6=high),IQ.CPA.GNDR.XQ,..,..,..,..,..
Albania,ALB,"Employment in industry, female (% of female employment) (modeled ILO estimate)",SL.IND.EMPL.FE.ZS,15.57318,16.2039,16.81283,17.4592,..
Algeria,DZA,CPIA gender equality rating (1=low to 6=high),IQ.CPA.GNDR.XQ,..,..,..,..,..
Algeria,DZA,"Employment in industry, female (% of female employment) (modeled ILO estimate)",SL.IND.EMPL.FE.ZS,24.0434,23.81224,24.42917,23.94045,..
American Samoa,ASM,CPIA gender equality rating (1=low to 6=high),IQ.CPA.GNDR.XQ,..,..,..,..,..
American Samoa,ASM,"Employment in industry, female (% of female employment) (modeled ILO estimate)",SL.IND.EMPL.FE.ZS,..,..,..,..,..
Andorra,AND,CPIA gender equality rating (1=low to 6=high),IQ.CPA.GNDR.XQ,..,..,..,..,..
Andorra,AND,"Employment in industry, female (% of female employment) (modeled ILO estimate)",SL.IND.EMPL.FE.ZS,..,..,..,..,..
Angola,AGO,CPIA gender equality rating (1=low to 6=high),IQ.CPA.GNDR.XQ,..,..,..,..,..
Angola,AGO,"Employment in industry, female (% of female employment) (modeled ILO estimate)",SL.IND.EMPL.FE.ZS,1.386339,1.383275,1.416062,1.446143,..
Antigua and Barbuda,ATG,CPIA gender equality rating (1=low to 6=high),IQ.CPA.GNDR.XQ,..,..,..,..,..
Antigua and Barbuda,ATG,"Employment in industry, female (% of female employment) (modeled ILO estimate)",SL.IND.EMPL.FE.ZS,..,..,..,..,..
Argentina,ARG,CPIA gender equality rating (1=low to 6=high),IQ.CPA.GNDR.XQ,..,..,..,..,..
Argentina,ARG,"Employment in industry, female (% of female employment) (modeled ILO estimate)",SL.IND.EMPL.FE.ZS,8.916409,9.009121,9.711953,8.571828,..
Armenia,ARM,CPIA gender equality rating (1=low to 6=high),IQ.CPA.GNDR.XQ,..,..,..,..,..
Armenia,ARM,"Employment in industry, female (% of female employment) (modeled ILO estimate)",SL.IND.EMPL.FE.ZS,9.581635,9.888021,10.31673,10.23657,..
Aruba,ABW,CPIA gender equality rating (1=low to 6=high),IQ.CPA.GNDR.XQ,..,..,..,..,..
Aruba,ABW,"Employment in industry, female (% of female employment) (modeled ILO estimate)",SL.IND.EMPL.FE.ZS,..,..,..,..,..
Australia,AUS,CPIA gender equality rating (1=low to 6=high),IQ.CPA.GNDR.XQ,..,..,..,..,..
Australia,AUS,"Employment in industry, female (% of female employment) (modeled ILO estimate)",SL.IND.EMPL.FE.ZS,8.188482,7.504676,8.16198,7.98562,..
Austria,AUT,CPIA gender equality rating (1=low to 6=high),IQ.CPA.GNDR.XQ,..,..,..,..,..
Austria,AUT,"Employment in industry, female (% of female employment) (modeled ILO estimate)",SL.IND.EMPL.FE.ZS,11.89404,11.81178,11.64678,12.22419,..
Azerbaijan,AZE,CPIA gender equality rating (1=low to 6=high),IQ.CPA.GNDR.XQ,..,..,..,..,..
Azerbaijan,AZE,"Employment in industry, female (% of female employment) (modeled ILO estimate)",SL.IND.EMPL.FE.ZS,6.607662,6.786845,6.917437,7.062349,..
"Bahamas, The",BHS,CPIA gender equality rating (1=low to 6=high),IQ.CPA.GNDR.XQ,..,..,..,..,..
"Bahamas, The",BHS,"Employment in industry, female (% of female employment) (modeled ILO estimate)",SL.IND.EMPL.FE.ZS,3.113842,3.099745,3.239843,3.252918,..
Bahrain,BHR,CPIA gender equality rating (1=low to 6=high),IQ.CPA.GNDR.XQ,..,..,..,..,..
Bahrain,BHR,"Employment in industry, female (% of female employment) (modeled ILO estimate)",SL.IND.EMPL.FE.ZS,10.98272,12.07916,12.42689,12.58644,..
Bangladesh,BGD,CPIA gender equality rating (1=low to 6=high),IQ.CPA.GNDR.XQ,3,3,3,3,..
Bangladesh,BGD,"Employment in industry, female (% of female employment) (modeled ILO estimate)",SL.IND.EMPL.FE.ZS,17.09482,17.37293,17.80486,18.0622,..
Barbados,BRB,CPIA gender equality rating (1=low to 6=high),IQ.CPA.GNDR.XQ,..,..,..,..,..
Barbados,BRB,"Employment in industry, female (% of female employment) (modeled ILO estimate)",SL.IND.EMPL.FE.ZS,9.866865,8.776748,8.978139,8.853796,..
Belarus,BLR,CPIA gender equality rating (1=low to 6=high),IQ.CPA.GNDR.XQ,..,..,..,..,..
Belarus,BLR,"Employment in industry, female (% of female employment) (modeled ILO estimate)",SL.IND.EMPL.FE.ZS,23.41116,23.8384,24.02164,23.96332,..
Belgium,BEL,CPIA gender equality rating (1=low to 6=high),IQ.CPA.GNDR.XQ,..,..,..,..,..
Belgium,BEL,"Employment in industry, female (% of female employment) (modeled ILO estimate)",SL.IND.EMPL.FE.ZS,8.613311,8.480841,8.351303,8.224617,..
Belize,BLZ,CPIA gender equality rating (1=low to 6=high),IQ.CPA.GNDR.XQ,..,..,..,..,..
Belize,BLZ,"Employment in industry, female (% of female employment) (modeled ILO estimate)",SL.IND.EMPL.FE.ZS,11.30186,8.325032,12.33422,12.33573,..
Benin,BEN,CPIA gender equality rating (1=low to 6=high),IQ.CPA.GNDR.XQ,3.5,3.5,3.5,3.5,..
Benin,BEN,"Employment in industry, female (% of female employment) (modeled ILO estimate)",SL.IND.EMPL.FE.ZS,24.96554,24.80842,25.33735,25.4975,..
Bermuda,BMU,CPIA gender equality rating (1=low to 6=high),IQ.CPA.GNDR.XQ,..,..,..,..,..
Bermuda,BMU,"Employment in industry, female (% of female employment) (modeled ILO estimate)",SL.IND.EMPL.FE.ZS,..,..,..,..,..
Bhutan,BTN,CPIA gender equality rating (1=low to 6=high),IQ.CPA.GNDR.XQ,4,4,4,4,..
Bhutan,BTN,"Employment in industry, female (% of female employment) (modeled ILO estimate)",SL.IND.EMPL.FE.ZS,9.605501,9.613288,9.877724,9.917813,..
Bolivia,BOL,CPIA gender equality rating (1=low to 6=high),IQ.CPA.GNDR.XQ,..,..,..,..,..
Bolivia,BOL,"Employment in industry, female (% of female employment) (modeled ILO estimate)",SL.IND.EMPL.FE.ZS,10.26703,9.497424,8.91867,9.049405,..
Bosnia and Herzegovina,BIH,CPIA gender equality rating (1=low to 6=high),IQ.CPA.GNDR.XQ,..,..,..,..,..
Bosnia and Herzegovina,BIH,"Employment in industry, female (% of female employment) (modeled ILO estimate)",SL.IND.EMPL.FE.ZS,17.89053,16.96577,18.82784,19.49224,..
Botswana,BWA,CPIA gender equality rating (1=low to 6=high),IQ.CPA.GNDR.XQ,..,..,..,..,..
Botswana,BWA,"Employment in industry, female (% of female employment) (modeled ILO estimate)",SL.IND.EMPL.FE.ZS,7.366807,7.9877,7.040384,7.134957,..
Brazil,BRA,CPIA gender equality rating (1=low to 6=high),IQ.CPA.GNDR.XQ,..,..,..,..,..
Brazil,BRA,"Employment in industry, female (% of female employment) (modeled ILO estimate)",SL.IND.EMPL.FE.ZS,10.82579,10.68523,10.66962,10.89911,..
British Virgin Islands,VGB,CPIA gender equality rating (1=low to 6=high),IQ.CPA.GNDR.XQ,..,..,..,..,..
British Virgin Islands,VGB,"Employment in industry, female (% of female employment) (modeled ILO estimate)",SL.IND.EMPL.FE.ZS,..,..,..,..,..
Brunei Darussalam,BRN,CPIA gender equality rating (1=low to 6=high),IQ.CPA.GNDR.XQ,..,..,..,..,..
Brunei Darussalam,BRN,"Employment in industry, female (% of female employment) (modeled ILO estimate)",SL.IND.EMPL.FE.ZS,8.974514,9.26847,9.804399,10.16469,..
Bulgaria,BGR,CPIA gender equality rating (1=low to 6=high),IQ.CPA.GNDR.XQ,..,..,..,..,..
Bulgaria,BGR,"Employment in industry, female (% of female employment) (modeled ILO estimate)",SL.IND.EMPL.FE.ZS,22.41334,22.23028,22.60264,22.61604,..
Burkina Faso,BFA,CPIA gender equality rating (1=low to 6=high),IQ.CPA.GNDR.XQ,3.5,3.5,3.5,3.5,..
Burkina Faso,BFA,"Employment in industry, female (% of female employment) (modeled ILO estimate)",SL.IND.EMPL.FE.ZS,4.038345,4.045077,4.202731,4.367528,..
Burundi,BDI,CPIA gender equality rating (1=low to 6=high),IQ.CPA.GNDR.XQ,4,4,4,4,..
Burundi,BDI,"Employment in industry, female (% of female employment) (modeled ILO estimate)",SL.IND.EMPL.FE.ZS,0.9353878,0.9483265,0.9766619,0.9945914,..
Cabo Verde,CPV,CPIA gender equality rating (1=low to 6=high),IQ.CPA.GNDR.XQ,4,4,4,4,..
Cabo Verde,CPV,"Employment in industry, female (% of female employment) (modeled ILO estimate)",SL.IND.EMPL.FE.ZS,11.19004,11.47562,12.05047,11.94612,..
Cambodia,KHM,CPIA gender equality rating (1=low to 6=high),IQ.CPA.GNDR.XQ,4,4,4,4,..
Cambodia,KHM,"Employment in industry, female (% of female employment) (modeled ILO estimate)",SL.IND.EMPL.FE.ZS,23.78463,23.05033,23.42861,23.35332,..
Cameroon,CMR,CPIA gender equality rating (1=low to 6=high),IQ.CPA.GNDR.XQ,3,3,3,3,..
Cameroon,CMR,"Employment in industry, female (% of female employment) (modeled ILO estimate)",SL.IND.EMPL.FE.ZS,11.01166,11.09642,11.40829,11.55739,..
Canada,CAN,CPIA gender equality rating (1=low to 6=high),IQ.CPA.GNDR.XQ,..,..,..,..,..
Canada,CAN,"Employment in industry, female (% of female employment) (modeled ILO estimate)",SL.IND.EMPL.FE.ZS,8.463358,8.344099,8.710409,8.761858,..
Cayman Islands,CYM,CPIA gender equality rating (1=low to 6=high),IQ.CPA.GNDR.XQ,..,..,..,..,..
Cayman Islands,CYM,"Employment in industry, female (% of female employment) (modeled ILO estimate)",SL.IND.EMPL.FE.ZS,..,..,..,..,..
Central African Republic,CAF,CPIA gender equality rating (1=low to 6=high),IQ.CPA.GNDR.XQ,2.5,2.5,2.5,2.5,..
Central African Republic,CAF,"Employment in industry, female (% of female employment) (modeled ILO estimate)",SL.IND.EMPL.FE.ZS,3.754001,3.85103,4.011689,4.025293,..
Chad,TCD,CPIA gender equality rating (1=low to 6=high),IQ.CPA.GNDR.XQ,2.5,2.5,2.5,2.5,..
Chad,TCD,"Employment in industry, female (% of female employment) (modeled ILO estimate)",SL.IND.EMPL.FE.ZS,14.28486,14.80403,15.47582,15.8332,..
Channel Islands,CHI,CPIA gender equality rating (1=low to 6=high),IQ.CPA.GNDR.XQ,..,..,..,..,..
Channel Islands,CHI,"Employment in industry, female (% of female employment) (modeled ILO estimate)",SL.IND.EMPL.FE.ZS,12.26394,11.96429,12.18081,12.04427,..
Chile,CHL,CPIA gender equality rating (1=low to 6=high),IQ.CPA.GNDR.XQ,..,..,..,..,..
Chile,CHL,"Employment in industry, female (% of female employment) (modeled ILO estimate)",SL.IND.EMPL.FE.ZS,10.14019,10.11656,10.42481,10.85817,..
China,CHN,CPIA gender equality rating (1=low to 6=high),IQ.CPA.GNDR.XQ,..,..,..,..,..
China,CHN,"Employment in industry, female (% of female employment) (modeled ILO estimate)",SL.IND.EMPL.FE.ZS,24.19599,23.7167,24.03025,24.16326,..
Colombia,COL,CPIA gender equality rating (1=low to 6=high),IQ.CPA.GNDR.XQ,..,..,..,..,..
Colombia,COL,"Employment in industry, female (% of female employment) (modeled ILO estimate)",SL.IND.EMPL.FE.ZS,14.83229,14.35179,13.05939,12.56857,..
Comoros,COM,CPIA gender equality rating (1=low to 6=high),IQ.CPA.GNDR.XQ,3,3,3,3,..
Comoros,COM,"Employment in industry, female (% of female employment) (modeled ILO estimate)",SL.IND.EMPL.FE.ZS,18.02691,18.15138,18.57791,18.54339,..
"Congo, Dem. Rep.",COD,CPIA gender equality rating (1=low to 6=high),IQ.CPA.GNDR.XQ,3,3,3,3,..
"Congo, Dem. Rep.",COD,"Employment in industry, female (% of female employment) (modeled ILO estimate)",SL.IND.EMPL.FE.ZS,5.613799,5.759864,5.949231,6.08216,..
"Congo, Rep.",COG,CPIA gender equality rating (1=low to 6=high),IQ.CPA.GNDR.XQ,3,3,3,3,..
"Congo, Rep.",COG,"Employment in industry, female (% of female employment) (modeled ILO estimate)",SL.IND.EMPL.FE.ZS,21.45372,20.79891,20.9853,20.81175,..
Costa Rica,CRI,CPIA gender equality rating (1=low to 6=high),IQ.CPA.GNDR.XQ,..,..,..,..,..
Costa Rica,CRI,"Employment in industry, female (% of female employment) (modeled ILO estimate)",SL.IND.EMPL.FE.ZS,10.30007,9.521973,9.841166,9.173064,..
Cote d'Ivoire,CIV,CPIA gender equality rating (1=low to 6=high),IQ.CPA.GNDR.XQ,3,3,3,3.5,..
Cote d'Ivoire,CIV,"Employment in industry, female (% of female employment) (modeled ILO estimate)",SL.IND.EMPL.FE.ZS,8.222551,6.325774,6.354086,6.312785,..
Croatia,HRV,CPIA gender equality rating (1=low to 6=high),IQ.CPA.GNDR.XQ,..,..,..,..,..
Croatia,HRV,"Employment in industry, female (% of female employment) (modeled ILO estimate)",SL.IND.EMPL.FE.ZS,15.12875,16.04132,15.65931,16.00402,..
Cuba,CUB,CPIA gender equality rating (1=low to 6=high),IQ.CPA.GNDR.XQ,..,..,..,..,..
Cuba,CUB,"Employment in industry, female (% of female employment) (modeled ILO estimate)",SL.IND.EMPL.FE.ZS,10.78623,10.68273,10.92414,10.8925,..
Curacao,CUW,CPIA gender equality rating (1=low to 6=high),IQ.CPA.GNDR.XQ,..,..,..,..,..
Curacao,CUW,"Employment in industry, female (% of female employment) (modeled ILO estimate)",SL.IND.EMPL.FE.ZS,..,..,..,..,..
Cyprus,CYP,CPIA gender equality rating (1=low to 6=high),IQ.CPA.GNDR.XQ,..,..,..,..,..
Cyprus,CYP,"Employment in industry, female (% of female employment) (modeled ILO estimate)",SL.IND.EMPL.FE.ZS,6.364047,7.028648,6.852664,7.172221,..
Czechia,CZE,CPIA gender equality rating (1=low to 6=high),IQ.CPA.GNDR.XQ,..,..,..,..,..
Czechia,CZE,"Employment in industry, female (% of female employment) (modeled ILO estimate)",SL.IND.EMPL.FE.ZS,23.90517,23.58981,23.55751,22.85215,..
Denmark,DNK,CPIA gender equality rating (1=low to 6=high),IQ.CPA.GNDR.XQ,..,..,..,..,..
Denmark,DNK,"Employment in industry, female (% of female employment) (modeled ILO estimate)",SL.IND.EMPL.FE.ZS,8.691309,8.755751,8.976521,8.816888,..
Djibouti,DJI,CPIA gender equality rating (1=low to 6=high),IQ.CPA.GNDR.XQ,3,3,3.5,3.5,..
Djibouti,DJI,"Employment in industry, female (% of female employment) (modeled ILO estimate)",SL.IND.EMPL.FE.ZS,0.9920542,0.9860988,1.013546,1.031285,..
Dominica,DMA,CPIA gender equality rating (1=low to 6=high),IQ.CPA.GNDR.XQ,3,3,3,3,..
Dominica,DMA,"Employment in industry, female (% of female employment) (modeled ILO estimate)",SL.IND.EMPL.FE.ZS,..,..,..,..,..
Dominican Republic,DOM,CPIA gender equality rating (1=low to 6=high),IQ.CPA.GNDR.XQ,..,..,..,..,..
Dominican Republic,DOM,"Employment in industry, female (% of female employment) (modeled ILO estimate)",SL.IND.EMPL.FE.ZS,9.331944,9.264758,9.411003,9.37321,..
Ecuador,ECU,CPIA gender equality rating (1=low to 6=high),IQ.CPA.GNDR.XQ,..,..,..,..,..
Ecuador,ECU,"Employment in industry, female (% of female employment) (modeled ILO estimate)",SL.IND.EMPL.FE.ZS,10.84587,9.835196,9.02778,9.033172,..
"Egypt, Arab Rep.",EGY,CPIA gender equality rating (1=low to 6=high),IQ.CPA.GNDR.XQ,..,..,..,..,..
"Egypt, Arab Rep.",EGY,"Employment in industry, female (% of female employment) (modeled ILO estimate)",SL.IND.EMPL.FE.ZS,7.101533,8.454798,7.62846,7.61433,..
El Salvador,SLV,CPIA gender equality rating (1=low to 6=high),IQ.CPA.GNDR.XQ,..,..,..,..,..
El Salvador,SLV,"Employment in industry, female (% of female employment) (modeled ILO estimate)",SL.IND.EMPL.FE.ZS,17.75338,17.57543,19.16576,18.99106,..
Equatorial Guinea,GNQ,CPIA gender equality rating (1=low to 6=high),IQ.CPA.GNDR.XQ,..,..,..,..,..
Equatorial Guinea,GNQ,"Employment in industry, female (% of female employment) (modeled ILO estimate)",SL.IND.EMPL.FE.ZS,7.490238,7.416833,7.410721,7.478478,..
Eritrea,ERI,CPIA gender equality rating (1=low to 6=high),IQ.CPA.GNDR.XQ,3,3,3,3,..
Eritrea,ERI,"Employment in industry, female (% of female employment) (modeled ILO estimate)",SL.IND.EMPL.FE.ZS,4.200251,4.223093,4.350859,4.312937,..
Estonia,EST,CPIA gender equality rating (1=low to 6=high),IQ.CPA.GNDR.XQ,..,..,..,..,..
Estonia,EST,"Employment in industry, female (% of female employment) (modeled ILO estimate)",SL.IND.EMPL.FE.ZS,17.37694,17.12441,16.38845,16.72738,..
Eswatini,SWZ,CPIA gender equality rating (1=low to 6=high),IQ.CPA.GNDR.XQ,..,..,..,..,..
Eswatini,SWZ,"Employment in industry, female (% of female employment) (modeled ILO estimate)",SL.IND.EMPL.FE.ZS,23.18307,23.03117,23.39088,23.25439,..
Ethiopia,ETH,CPIA gender equality rating (1=low to 6=high),IQ.CPA.GNDR.XQ,3.5,3.5,3.5,3,..
Ethiopia,ETH,"Employment in industry, female (% of female employment) (modeled ILO estimate)",SL.IND.EMPL.FE.ZS,7.794188,7.799384,8.021936,8.033058,..
Faroe Islands,FRO,CPIA gender equality rating (1=low to 6=high),IQ.CPA.GNDR.XQ,..,..,..,..,..
Faroe Islands,FRO,"Employment in industry, female (% of female employment) (modeled ILO estimate)",SL.IND.EMPL.FE.ZS,..,..,..,..,..
Fiji,FJI,CPIA gender equality rating (1=low to 6=high),IQ.CPA.GNDR.XQ,..,..,4,4,..
Fiji,FJI,"Employment in industry, female (% of female employment) (modeled ILO estimate)",SL.IND.EMPL.FE.ZS,7.919011,7.7425,7.903087,7.853009,..
Finland,FIN,CPIA gender equality rating (1=low to 6=high),IQ.CPA.GNDR.XQ,..,..,..,..,..
Finland,FIN,"Employment in industry, female (% of female employment) (modeled ILO estimate)",SL.IND.EMPL.FE.ZS,8.897639,8.769346,9.381513,9.182129,..
France,FRA,CPIA gender equality rating (1=low to 6=high),IQ.CPA.GNDR.XQ,..,..,..,..,..
France,FRA,"Employment in industry, female (% of female employment) (modeled ILO estimate)",SL.IND.EMPL.FE.ZS,9.622815,9.587568,9.279569,9.714955,..
French Polynesia,PYF,CPIA gender equality rating (1=low to 6=high),IQ.CPA.GNDR.XQ,..,..,..,..,..
French Polynesia,PYF,"Employment in industry, female (% of female employment) (modeled ILO estimate)",SL.IND.EMPL.FE.ZS,6.822552,6.711166,6.983297,6.941813,..
Gabon,GAB,CPIA gender equality rating (1=low to 6=high),IQ.CPA.GNDR.XQ,..,..,..,..,..
Gabon,GAB,"Employment in industry, female (% of female employment) (modeled ILO estimate)",SL.IND.EMPL.FE.ZS,14.90193,16.28786,16.85183,17.43411,..
"Gambia, The",GMB,CPIA gender equality rating (1=low to 6=high),IQ.CPA.GNDR.XQ,3.5,3.5,3.5,3.5,..
"Gambia, The",GMB,"Employment in industry, female (% of female employment) (modeled ILO estimate)",SL.IND.EMPL.FE.ZS,0.954225,0.9835998,1.006129,1.033189,..
Georgia,GEO,CPIA gender equality rating (1=low to 6=high),IQ.CPA.GNDR.XQ,..,..,..,..,..
Georgia,GEO,"Employment in industry, female (% of female employment) (modeled ILO estimate)",SL.IND.EMPL.FE.ZS,5.906984,5.709683,5.84129,5.923879,..
Germany,DEU,CPIA gender equality rating (1=low to 6=high),IQ.CPA.GNDR.XQ,..,..,..,..,..
Germany,DEU,"Employment in industry, female (% of female employment) (modeled ILO estimate)",SL.IND.EMPL.FE.ZS,13.98995,13.9475,14.08009,14.0755,..
Ghana,GHA,CPIA gender equality rating (1=low to 6=high),IQ.CPA.GNDR.XQ,4,4,4,4,..
Ghana,GHA,"Employment in industry, female (% of female employment) (modeled ILO estimate)",SL.IND.EMPL.FE.ZS,17.46696,17.66163,17.90816,18.04907,..
Gibraltar,GIB,CPIA gender equality rating (1=low to 6=high),IQ.CPA.GNDR.XQ,..,..,..,..,..
Gibraltar,GIB,"Employment in industry, female (% of female employment) (modeled ILO estimate)",SL.IND.EMPL.FE.ZS,..,..,..,..,..
Greece,GRC,CPIA gender equality rating (1=low to 6=high),IQ.CPA.GNDR.XQ,..,..,..,..,..
Greece,GRC,"Employment in industry, female (% of female employment) (modeled ILO estimate)",SL.IND.EMPL.FE.ZS,7.77992,7.881735,7.769084,8.423265,..
Greenland,GRL,CPIA gender equality rating (1=low to 6=high),IQ.CPA.GNDR.XQ,..,..,..,..,..
Greenland,GRL,"Employment in industry, female (% of female employment) (modeled ILO estimate)",SL.IND.EMPL.FE.ZS,..,..,..,..,..
Grenada,GRD,CPIA gender equality rating (1=low to 6=high),IQ.CPA.GNDR.XQ,3.5,3.5,3.5,3.5,..
Grenada,GRD,"Employment in industry, female (% of female employment) (modeled ILO estimate)",SL.IND.EMPL.FE.ZS,..,..,..,..,..
Guam,GUM,CPIA gender equality rating (1=low to 6=high),IQ.CPA.GNDR.XQ,..,..,..,..,..
Guam,GUM,"Employment in industry, female (% of female employment) (modeled ILO estimate)",SL.IND.EMPL.FE.ZS,4.185338,4.176912,4.368798,4.40583,..
Guatemala,GTM,CPIA gender equality rating (1=low to 6=high),IQ.CPA.GNDR.XQ,..,..,..,..,..
Guatemala,GTM,"Employment in industry, female (% of female employment) (modeled ILO estimate)",SL.IND.EMPL.FE.ZS,17.85054,16.02582,18.39019,20.85653,..
Guinea,GIN,CPIA gender equality rating (1=low to 6=high),IQ.CPA.GNDR.XQ,3,3,3,3,..
Guinea,GIN,"Employment in industry, female (% of female employment) (modeled ILO estimate)",SL.IND.EMPL.FE.ZS,1.990393,2.005968,2.072283,2.092354,..
Guinea-Bissau,GNB,CPIA gender equality rating (1=low to 6=high),IQ.CPA.GNDR.XQ,2,2,2,2,..
Guinea-Bissau,GNB,"Employment in industry, female (% of female employment) (modeled ILO estimate)",SL.IND.EMPL.FE.ZS,12.48958,12.74522,13.00082,13.19187,..
Guyana,GUY,CPIA gender equality rating (1=low to 6=high),IQ.CPA.GNDR.XQ,3,3,3,3,..
Guyana,GUY,"Employment in industry, female (% of female employment) (modeled ILO estimate)",SL.IND.EMPL.FE.ZS,11.26301,11.30715,11.04096,11.03046,..
Haiti,HTI,CPIA gender equality rating (1=low to 6=high),IQ.CPA.GNDR.XQ,2.5,2.5,2.5,2.5,..
Haiti,HTI,"Employment in industry, female (% of female employment) (modeled ILO estimate)",SL.IND.EMPL.FE.ZS,7.127021,7.169276,7.380638,7.351637,..
Honduras,HND,CPIA gender equality rating (1=low to 6=high),IQ.CPA.GNDR.XQ,3.5,3.5,3.5,3.5,..
Honduras,HND,"Employment in industry, female (% of female employment) (modeled ILO estimate)",SL.IND.EMPL.FE.ZS,18.12406,17.86847,19.82081,19.50236,..
"Hong Kong SAR, China",HKG,CPIA gender equality rating (1=low to 6=high),IQ.CPA.GNDR.XQ,..,..,..,..,..
"Hong Kong SAR, China",HKG,"Employment in industry, female (% of female employment) (modeled ILO estimate)",SL.IND.EMPL.FE.ZS,3.955031,4.17115,4.298934,4.306993,..
Hungary,HUN,CPIA gender equality rating (1=low to 6=high),IQ.CPA.GNDR.XQ,..,..,..,..,..
Hungary,HUN,"Employment in industry, female (% of female employment) (modeled ILO estimate)",SL.IND.EMPL.FE.ZS,19.91993,19.85384,19.44829,19.84622,..
Iceland,ISL,CPIA gender equality rating (1=low to 6=high),IQ.CPA.GNDR.XQ,..,..,..,..,..
Iceland,ISL,"Employment in industry, female (% of female employment) (modeled ILO estimate)",SL.IND.EMPL.FE.ZS,7.600797,7.17967,7.474162,7.380524,..
India,IND,CPIA gender equality rating (1=low to 6=high),IQ.CPA.GNDR.XQ,..,..,..,..,..
India,IND,"Employment in industry, female (% of female employment) (modeled ILO estimate)",SL.IND.EMPL.FE.ZS,17.34357,18.57446,16.01294,16.608,..
Indonesia,IDN,CPIA gender equality rating (1=low to 6=high),IQ.CPA.GNDR.XQ,..,..,..,..,..
Indonesia,IDN,"Employment in industry, female (% of female employment) (modeled ILO estimate)",SL.IND.EMPL.FE.ZS,16.9803,16.63944,15.80287,15.90541,..
"Iran, Islamic Rep.",IRN,CPIA gender equality rating (1=low to 6=high),IQ.CPA.GNDR.XQ,..,..,..,..,..
"Iran, Islamic Rep.",IRN,"Employment in industry, female (% of female employment) (modeled ILO estimate)",SL.IND.EMPL.FE.ZS,26.81041,26.89475,25.80056,25.9356,..
Iraq,IRQ,CPIA gender equality rating (1=low to 6=high),IQ.CPA.GNDR.XQ,..,..,..,..,..
Iraq,IRQ,"Employment in industry, female (% of female employment) (modeled ILO estimate)",SL.IND.EMPL.FE.ZS,11.34722,11.38941,11.5555,11.48557,..
Ireland,IRL,CPIA gender equality rating (1=low to 6=high),IQ.CPA.GNDR.XQ,..,..,..,..,..
Ireland,IRL,"Employment in industry, female (% of female employment) (modeled ILO estimate)",SL.IND.EMPL.FE.ZS,8.499475,8.846739,9.23672,9.130199,..
Isle of Man,IMN,CPIA gender equality rating (1=low to 6=high),IQ.CPA.GNDR.XQ,..,..,..,..,..
Isle of Man,IMN,"Employment in industry, female (% of female employment) (modeled ILO estimate)",SL.IND.EMPL.FE.ZS,..,..,..,..,..
Israel,ISR,CPIA gender equality rating (1=low to 6=high),IQ.CPA.GNDR.XQ,..,..,..,..,..
Israel,ISR,"Employment in industry, female (% of female employment) (modeled ILO estimate)",SL.IND.EMPL.FE.ZS,8.069375,7.896501,8.094958,7.981815,..
Italy,ITA,CPIA gender equality rating (1=low to 6=high),IQ.CPA.GNDR.XQ,..,..,..,..,..
Italy,ITA,"Employment in industry, female (% of female employment) (modeled ILO estimate)",SL.IND.EMPL.FE.ZS,13.10346,13.04236,13.38825,13.40455,..
Jamaica,JAM,CPIA gender equality rating (1=low to 6=high),IQ.CPA.GNDR.XQ,..,..,..,..,..
Jamaica,JAM,"Employment in industry, female (% of female employment) (modeled ILO estimate)",SL.IND.EMPL.FE.ZS,6.026355,5.724852,5.414495,5.452815,..
Japan,JPN,CPIA gender equality rating (1=low to 6=high),IQ.CPA.GNDR.XQ,..,..,..,..,..
Japan,JPN,"Employment in industry, female (% of female employment) (modeled ILO estimate)",SL.IND.EMPL.FE.ZS,13.98164,13.82437,13.73844,13.67309,..
Jordan,JOR,CPIA gender equality rating (1=low to 6=high),IQ.CPA.GNDR.XQ,..,..,..,..,..
Jordan,JOR,"Employment in industry, female (% of female employment) (modeled ILO estimate)",SL.IND.EMPL.FE.ZS,6.340733,6.709314,6.825064,6.493318,..
Kazakhstan,KAZ,CPIA gender equality rating (1=low to 6=high),IQ.CPA.GNDR.XQ,..,..,..,..,..
Kazakhstan,KAZ,"Employment in industry, female (% of female employment) (modeled ILO estimate)",SL.IND.EMPL.FE.ZS,11.9371,12.07031,11.99314,12.2433,..
Kenya,KEN,CPIA gender equality rating (1=low to 6=high),IQ.CPA.GNDR.XQ,3.5,3.5,3.5,3.5,..
Kenya,KEN,"Employment in industry, female (% of female employment) (modeled ILO estimate)",SL.IND.EMPL.FE.ZS,9.891836,10.46161,10.5712,10.63317,..
Kiribati,KIR,CPIA gender equality rating (1=low to 6=high),IQ.CPA.GNDR.XQ,2.5,3,3.5,3,..
Kiribati,KIR,"Employment in industry, female (% of female employment) (modeled ILO estimate)",SL.IND.EMPL.FE.ZS,..,..,..,..,..
"Korea, Dem. People's Rep.",PRK,CPIA gender equality rating (1=low to 6=high),IQ.CPA.GNDR.XQ,..,..,..,..,..
"Korea, Dem. People's Rep.",PRK,"Employment in industry, female (% of female employment) (modeled ILO estimate)",SL.IND.EMPL.FE.ZS,10.7068,10.57249,10.86422,10.96163,..
"Korea, Rep.",KOR,CPIA gender equality rating (1=low to 6=high),IQ.CPA.GNDR.XQ,..,..,..,..,..
"Korea, Rep.",KOR,"Employment in industry, female (% of female employment) (modeled ILO estimate)",SL.IND.EMPL.FE.ZS,13.49031,12.86115,12.84096,12.91142,..
Kosovo,XKX,CPIA gender equality rating (1=low to 6=high),IQ.CPA.GNDR.XQ,3.5,3.5,3.5,3.5,..
Kosovo,XKX,"Employment in industry, female (% of female employment) (modeled ILO estimate)",SL.IND.EMPL.FE.ZS,..,..,..,..,..
Kuwait,KWT,CPIA gender equality rating (1=low to 6=high),IQ.CPA.GNDR.XQ,..,..,..,..,..
Kuwait,KWT,"Employment in industry, female (% of female employment) (modeled ILO estimate)",SL.IND.EMPL.FE.ZS,6.290699,6.958309,7.301383,7.396837,..
Kyrgyz Republic,KGZ,CPIA gender equality rating (1=low to 6=high),IQ.CPA.GNDR.XQ,4.5,4.5,4.5,4.5,..
Kyrgyz Republic,KGZ,"Employment in industry, female (% of female employment) (modeled ILO estimate)",SL.IND.EMPL.FE.ZS,13.98313,14.01361,14.21968,14.16716,..
Lao PDR,LAO,CPIA gender equality rating (1=low to 6=high),IQ.CPA.GNDR.XQ,4,4,4,4,..
Lao PDR,LAO,"Employment in industry, female (% of female employment) (modeled ILO estimate)",SL.IND.EMPL.FE.ZS,7.911796,8.101259,8.385657,8.490454,..
Latvia,LVA,CPIA gender equality rating (1=low to 6=high),IQ.CPA.GNDR.XQ,..,..,..,..,..
Latvia,LVA,"Employment in industry, female (% of female employment) (modeled ILO estimate)",SL.IND.EMPL.FE.ZS,12.9949,11.8976,13.2102,12.54012,..
Lebanon,LBN,CPIA gender equality rating (1=low to 6=high),IQ.CPA.GNDR.XQ,..,..,..,..,..
Lebanon,LBN,"Employment in industry, female (% of female employment) (modeled ILO estimate)",SL.IND.EMPL.FE.ZS,7.039859,6.953413,7.053499,6.944573,..
Lesotho,LSO,CPIA gender equality rating (1=low to 6=high),IQ.CPA.GNDR.XQ,4,4,4,4,..
Lesotho,LSO,"Employment in industry, female (% of female employment) (modeled ILO estimate)",SL.IND.EMPL.FE.ZS,37.00091,37.92838,38.55782,38.55934,..
Liberia,LBR,CPIA gender equality rating (1=low to 6=high),IQ.CPA.GNDR.XQ,3,3,3,3,..
Liberia,LBR,"Employment in industry, female (% of female employment) (modeled ILO estimate)",SL.IND.EMPL.FE.ZS,2.958802,3.018407,3.076113,3.060512,..
Libya,LBY,CPIA gender equality rating (1=low to 6=high),IQ.CPA.GNDR.XQ,..,..,..,..,..
Libya,LBY,"Employment in industry, female (% of female employment) (modeled ILO estimate)",SL.IND.EMPL.FE.ZS,11.93698,11.79991,11.87398,12.0351,..
Liechtenstein,LIE,CPIA gender equality rating (1=low to 6=high),IQ.CPA.GNDR.XQ,..,..,..,..,..
Liechtenstein,LIE,"Employment in industry, female (% of female employment) (modeled ILO estimate)",SL.IND.EMPL.FE.ZS,..,..,..,..,..
Lithuania,LTU,CPIA gender equality rating (1=low to 6=high),IQ.CPA.GNDR.XQ,..,..,..,..,..
Lithuania,LTU,"Employment in industry, female (% of female employment) (modeled ILO estimate)",SL.IND.EMPL.FE.ZS,16.53548,16.49414,16.24159,16.2973,..
Luxembourg,LUX,CPIA gender equality rating (1=low to 6=high),IQ.CPA.GNDR.XQ,..,..,..,..,..
Luxembourg,LUX,"Employment in industry, female (% of female employment) (modeled ILO estimate)",SL.IND.EMPL.FE.ZS,4.229133,4.40965,3.881693,3.683695,..
"Macao SAR, China",MAC,CPIA gender equality rating (1=low to 6=high),IQ.CPA.GNDR.XQ,..,..,..,..,..
"Macao SAR, China",MAC,"Employment in industry, female (% of female employment) (modeled ILO estimate)",SL.IND.EMPL.FE.ZS,2.898836,2.839076,3.610131,3.358108,..
Madagascar,MDG,CPIA gender equality rating (1=low to 6=high),IQ.CPA.GNDR.XQ,4,4,4,4,..
Madagascar,MDG,"Employment in industry, female (% of female employment) (modeled ILO estimate)",SL.IND.EMPL.FE.ZS,10.94915,11.18991,11.53753,11.60499,..
Malawi,MWI,CPIA gender equality rating (1=low to 6=high),IQ.CPA.GNDR.XQ,3.5,3.5,3.5,3.5,..
Malawi,MWI,"Employment in industry, female (% of female employment) (modeled ILO estimate)",SL.IND.EMPL.FE.ZS,5.303169,5.429535,5.586702,5.639904,..
Malaysia,MYS,CPIA gender equality rating (1=low to 6=high),IQ.CPA.GNDR.XQ,..,..,..,..,..
Malaysia,MYS,"Employment in industry, female (% of female employment) (modeled ILO estimate)",SL.IND.EMPL.FE.ZS,19.78686,19.6695,19.88934,19.93559,..
Maldives,MDV,CPIA gender equality rating (1=low to 6=high),IQ.CPA.GNDR.XQ,3.5,3.5,3.5,3.5,..
Maldives,MDV,"Employment in industry, female (% of female employment) (modeled ILO estimate)",SL.IND.EMPL.FE.ZS,18.08449,16.48892,16.39156,16.2113,..
Mali,MLI,CPIA gender equality rating (1=low to 6=high),IQ.CPA.GNDR.XQ,2.5,2.5,3,3,..
Mali,MLI,"Employment in industry, female (% of female employment) (modeled ILO estimate)",SL.IND.EMPL.FE.ZS,5.380031,7.325132,10.32577,10.99498,..
Malta,MLT,CPIA gender equality rating (1=low to 6=high),IQ.CPA.GNDR.XQ,..,..,..,..,..
Malta,MLT,"Employment in industry, female (% of female employment) (modeled ILO estimate)",SL.IND.EMPL.FE.ZS,8.753204,8.755471,8.295663,7.811119,..
Marshall Islands,MHL,CPIA gender equality rating (1=low to 6=high),IQ.CPA.GNDR.XQ,3,3,3,3,..
Marshall Islands,MHL,"Employment in industry, female (% of female employment) (modeled ILO estimate)",SL.IND.EMPL.FE.ZS,..,..,..,..,..
Mauritania,MRT,CPIA gender equality rating (1=low to 6=high),IQ.CPA.GNDR.XQ,3.5,3.5,3.5,3.5,..
Mauritania,MRT,"Employment in industry, female (% of female employment) (modeled ILO estimate)",SL.IND.EMPL.FE.ZS,17.66856,17.65636,18.0197,18.14561,..
Mauritius,MUS,CPIA gender equality rating (1=low to 6=high),IQ.CPA.GNDR.XQ,..,..,..,..,..
Mauritius,MUS,"Employment in industry, female (% of female employment) (modeled ILO estimate)",SL.IND.EMPL.FE.ZS,15.67744,14.41337,14.82607,14.63768,..
Mexico,MEX,CPIA gender equality rating (1=low to 6=high),IQ.CPA.GNDR.XQ,..,..,..,..,..
Mexico,MEX,"Employment in industry, female (% of female employment) (modeled ILO estimate)",SL.IND.EMPL.FE.ZS,17.84863,17.21682,17.52269,17.26484,..
"Micronesia, Fed. Sts.",FSM,CPIA gender equality rating (1=low to 6=high),IQ.CPA.GNDR.XQ,2.5,3,3,3,..
"Micronesia, Fed. Sts.",FSM,"Employment in industry, female (% of female employment) (modeled ILO estimate)",SL.IND.EMPL.FE.ZS,..,..,..,..,..
Moldova,MDA,CPIA gender equality rating (1=low to 6=high),IQ.CPA.GNDR.XQ,4.5,4.5,..,..,..
Moldova,MDA,"Employment in industry, female (% of female employment) (modeled ILO estimate)",SL.IND.EMPL.FE.ZS,10.40678,10.52681,10.66976,10.86345,..
Monaco,MCO,CPIA gender equality rating (1=low to 6=high),IQ.CPA.GNDR.XQ,..,..,..,..,..
Monaco,MCO,"Employment in industry, female (% of female employment) (modeled ILO estimate)",SL.IND.EMPL.FE.ZS,..,..,..,..,..
Mongolia,MNG,CPIA gender equality rating (1=low to 6=high),IQ.CPA.GNDR.XQ,4,4,..,..,..
Mongolia,MNG,"Employment in industry, female (% of female employment) (modeled ILO estimate)",SL.IND.EMPL.FE.ZS,13.34628,13.79862,13.05223,13.09727,..
Montenegro,MNE,CPIA gender equality rating (1=low to 6=high),IQ.CPA.GNDR.XQ,..,..,..,..,..
Montenegro,MNE,"Employment in industry, female (% of female employment) (modeled ILO estimate)",SL.IND.EMPL.FE.ZS,7.868458,7.99313,7.462863,7.541048,..
Morocco,MAR,CPIA gender equality rating (1=low to 6=high),IQ.CPA.GNDR.XQ,..,..,..,..,..
Morocco,MAR,"Employment in industry, female (% of female employment) (modeled ILO estimate)",SL.IND.EMPL.FE.ZS,13.2708,13.31144,13.51904,13.19418,..
Mozambique,MOZ,CPIA gender equality rating (1=low to 6=high),IQ.CPA.GNDR.XQ,3.5,3.5,3.5,3.5,..
Mozambique,MOZ,"Employment in industry, female (% of female employment) (modeled ILO estimate)",SL.IND.EMPL.FE.ZS,3.182129,3.32113,3.513128,3.58727,..
Myanmar,MMR,CPIA gender equality rating (1=low to 6=high),IQ.CPA.GNDR.XQ,3,3,3,2.5,..
Myanmar,MMR,"Employment in industry, female (% of female employment) (modeled ILO estimate)",SL.IND.EMPL.FE.ZS,16.68741,16.66362,18.01284,..,..
Namibia,NAM,CPIA gender equality rating (1=low to 6=high),IQ.CPA.GNDR.XQ,..,..,..,..,..
Namibia,NAM,"Employment in industry, female (% of female employment) (modeled ILO estimate)",SL.IND.EMPL.FE.ZS,7.636764,7.810252,8.096913,8.084904,..
Nauru,NRU,CPIA gender equality rating (1=low to 6=high),IQ.CPA.GNDR.XQ,..,..,..,..,..
Nauru,NRU,"Employment in industry, female (% of female employment) (modeled ILO estimate)",SL.IND.EMPL.FE.ZS,..,..,..,..,..
Nepal,NPL,CPIA gender equality rating (1=low to 6=high),IQ.CPA.GNDR.XQ,3.5,3.5,3.5,3.5,..
Nepal,NPL,"Employment in industry, female (% of female employment) (modeled ILO estimate)",SL.IND.EMPL.FE.ZS,10.99254,11.24081,11.56164,11.84097,..
Netherlands,NLD,CPIA gender equality rating (1=low to 6=high),IQ.CPA.GNDR.XQ,..,..,..,..,..
Netherlands,NLD,"Employment in industry, female (% of female employment) (modeled ILO estimate)",SL.IND.EMPL.FE.ZS,6.338943,6.311892,6.568487,5.542091,..
New Caledonia,NCL,CPIA gender equality rating (1=low to 6=high),IQ.CPA.GNDR.XQ,..,..,..,..,..
New Caledonia,NCL,"Employment in industry, female (% of female employment) (modeled ILO estimate)",SL.IND.EMPL.FE.ZS,13.09469,12.9159,13.34105,13.23685,..
New Zealand,NZL,CPIA gender equality rating (1=low to 6=high),IQ.CPA.GNDR.XQ,..,..,..,..,..
New Zealand,NZL,"Employment in industry, female (% of female employment) (modeled ILO estimate)",SL.IND.EMPL.FE.ZS,9.365017,9.045083,9.641216,9.341966,..
Nicaragua,NIC,CPIA gender equality rating (1=low to 6=high),IQ.CPA.GNDR.XQ,4,4,4,4,..
Nicaragua,NIC,"Employment in industry, female (% of female employment) (modeled ILO estimate)",SL.IND.EMPL.FE.ZS,13.5401,13.52167,13.88162,13.65889,..
Niger,NER,CPIA gender equality rating (1=low to 6=high),IQ.CPA.GNDR.XQ,2.5,2.5,3,3,..
Niger,NER,"Employment in industry, female (% of female employment) (modeled ILO estimate)",SL.IND.EMPL.FE.ZS,9.923354,9.926292,10.20834,10.34073,..
Nigeria,NGA,CPIA gender equality rating (1=low to 6=high),IQ.CPA.GNDR.XQ,3,3,3,3,..
Nigeria,NGA,"Employment in industry, female (% of female employment) (modeled ILO estimate)",SL.IND.EMPL.FE.ZS,12.8585,12.87534,13.19906,13.2027,..
North Macedonia,MKD,CPIA gender equality rating (1=low to 6=high),IQ.CPA.GNDR.XQ,..,..,..,..,..
North Macedonia,MKD,"Employment in industry, female (% of female employment) (modeled ILO estimate)",SL.IND.EMPL.FE.ZS,26.73882,26.17985,26.04881,24.82157,..
Northern Mariana Islands,MNP,CPIA gender equality rating (1=low to 6=high),IQ.CPA.GNDR.XQ,..,..,..,..,..
Northern Mariana Islands,MNP,"Employment in industry, female (% of female employment) (modeled ILO estimate)",SL.IND.EMPL.FE.ZS,..,..,..,..,..
Norway,NOR,CPIA gender equality rating (1=low to 6=high),IQ.CPA.GNDR.XQ,..,..,..,..,..
Norway,NOR,"Employment in industry, female (% of female employment) (modeled ILO estimate)",SL.IND.EMPL.FE.ZS,7.012007,6.879891,7.042609,6.745774,..
Oman,OMN,CPIA gender equality rating (1=low to 6=high),IQ.CPA.GNDR.XQ,..,..,..,..,..
Oman,OMN,"Employment in industry, female (% of female employment) (modeled ILO estimate)",SL.IND.EMPL.FE.ZS,8.718657,10.49067,11.52767,12.49074,..
Pakistan,PAK,CPIA gender equality rating (1=low to 6=high),IQ.CPA.GNDR.XQ,2.5,2.5,2.5,2.5,..
Pakistan,PAK,"Employment in industry, female (% of female employment) (modeled ILO estimate)",SL.IND.EMPL.FE.ZS,16.60366,13.89179,14.23713,14.31562,..
Palau,PLW,CPIA gender equality rating (1=low to 6=high),IQ.CPA.GNDR.XQ,..,..,..,..,..
Palau,PLW,"Employment in industry, female (% of female employment) (modeled ILO estimate)",SL.IND.EMPL.FE.ZS,..,..,..,..,..
Panama,PAN,CPIA gender equality rating (1=low to 6=high),IQ.CPA.GNDR.XQ,..,..,..,..,..
Panama,PAN,"Employment in industry, female (% of female employment) (modeled ILO estimate)",SL.IND.EMPL.FE.ZS,9.833899,9.540615,11.43275,9.598123,..
Papua New Guinea,PNG,CPIA gender equality rating (1=low to 6=high),IQ.CPA.GNDR.XQ,2.5,2.5,2.5,2.5,..
Papua New Guinea,PNG,"Employment in industry, female (% of female employment) (modeled ILO estimate)",SL.IND.EMPL.FE.ZS,3.30942,3.422516,3.444209,3.660187,..
Paraguay,PRY,CPIA gender equality rating (1=low to 6=high),IQ.CPA.GNDR.XQ,..,..,..,..,..
Paraguay,PRY,"Employment in industry, female (% of female employment) (modeled ILO estimate)",SL.IND.EMPL.FE.ZS,8.239781,8.790729,9.009861,9.068965,..
Peru,PER,CPIA gender equality rating (1=low to 6=high),IQ.CPA.GNDR.XQ,..,..,..,..,..
Peru,PER,"Employment in industry, female (% of female employment) (modeled ILO estimate)",SL.IND.EMPL.FE.ZS,9.314332,8.948262,9.055516,8.74703,..
Philippines,PHL,CPIA gender equality rating (1=low to 6=high),IQ.CPA.GNDR.XQ,..,..,..,..,..
Philippines,PHL,"Employment in industry, female (% of female employment) (modeled ILO estimate)",SL.IND.EMPL.FE.ZS,9.795547,9.680155,9.113394,8.898891,..
Poland,POL,CPIA gender equality rating (1=low to 6=high),IQ.CPA.GNDR.XQ,..,..,..,..,..
Poland,POL,"Employment in industry, female (% of female employment) (modeled ILO estimate)",SL.IND.EMPL.FE.ZS,17.44043,17.52943,17.18876,16.89557,..
Portugal,PRT,CPIA gender equality rating (1=low to 6=high),IQ.CPA.GNDR.XQ,..,..,..,..,..
Portugal,PRT,"Employment in industry, female (% of female employment) (modeled ILO estimate)",SL.IND.EMPL.FE.ZS,15.36591,15.04649,15.47831,15.51964,..
Puerto Rico,PRI,CPIA gender equality rating (1=low to 6=high),IQ.CPA.GNDR.XQ,..,..,..,..,..
Puerto Rico,PRI,"Employment in industry, female (% of female employment) (modeled ILO estimate)",SL.IND.EMPL.FE.ZS,7.127304,6.911187,6.96347,6.839624,..
Qatar,QAT,CPIA gender equality rating (1=low to 6=high),IQ.CPA.GNDR.XQ,..,..,..,..,..
Qatar,QAT,"Employment in industry, female (% of female employment) (modeled ILO estimate)",SL.IND.EMPL.FE.ZS,6.932669,7.850763,8.321556,8.286821,..
Romania,ROU,CPIA gender equality rating (1=low to 6=high),IQ.CPA.GNDR.XQ,..,..,..,..,..
Romania,ROU,"Employment in industry, female (% of female employment) (modeled ILO estimate)",SL.IND.EMPL.FE.ZS,21.47773,20.93903,20.31435,20.68947,..
Russian Federation,RUS,CPIA gender equality rating (1=low to 6=high),IQ.CPA.GNDR.XQ,..,..,..,..,..
Russian Federation,RUS,"Employment in industry, female (% of female employment) (modeled ILO estimate)",SL.IND.EMPL.FE.ZS,15.70669,15.42602,15.15078,15.16,..
Rwanda,RWA,CPIA gender equality rating (1=low to 6=high),IQ.CPA.GNDR.XQ,4.5,4.5,4.5,4.5,..
Rwanda,RWA,"Employment in industry, female (% of female employment) (modeled ILO estimate)",SL.IND.EMPL.FE.ZS,6.352689,7.748998,8.6769,8.953857,..
Samoa,WSM,CPIA gender equality rating (1=low to 6=high),IQ.CPA.GNDR.XQ,4,4,4,4,..
Samoa,WSM,"Employment in industry, female (% of female employment) (modeled ILO estimate)",SL.IND.EMPL.FE.ZS,8.373333,8.708735,8.86429,8.896722,..
San Marino,SMR,CPIA gender equality rating (1=low to 6=high),IQ.CPA.GNDR.XQ,..,..,..,..,..
San Marino,SMR,"Employment in industry, female (% of female employment) (modeled ILO estimate)",SL.IND.EMPL.FE.ZS,..,..,..,..,..
Sao Tome and Principe,STP,CPIA gender equality rating (1=low to 6=high),IQ.CPA.GNDR.XQ,3,3,3,3,..
Sao Tome and Principe,STP,"Employment in industry, female (% of female employment) (modeled ILO estimate)",SL.IND.EMPL.FE.ZS,3.973865,4.026741,4.105357,4.064507,..
Saudi Arabia,SAU,CPIA gender equality rating (1=low to 6=high),IQ.CPA.GNDR.XQ,..,..,..,..,..
Saudi Arabia,SAU,"Employment in industry, female (% of female employment) (modeled ILO estimate)",SL.IND.EMPL.FE.ZS,2.224371,3.945206,9.476915,10.39194,..
Senegal,SEN,CPIA gender equality rating (1=low to 6=high),IQ.CPA.GNDR.XQ,3.5,3.5,3.5,3.5,..
Senegal,SEN,"Employment in industry, female (% of female employment) (modeled ILO estimate)",SL.IND.EMPL.FE.ZS,12.4743,13.66447,14.04915,14.38313,..
Serbia,SRB,CPIA gender equality rating (1=low to 6=high),IQ.CPA.GNDR.XQ,..,..,..,..,..
Serbia,SRB,"Employment in industry, female (% of female employment) (modeled ILO estimate)",SL.IND.EMPL.FE.ZS,18.70814,19.03063,19.11022,19.90609,..
Seychelles,SYC,CPIA gender equality rating (1=low to 6=high),IQ.CPA.GNDR.XQ,..,..,..,..,..
Seychelles,SYC,"Employment in industry, female (% of female employment) (modeled ILO estimate)",SL.IND.EMPL.FE.ZS,..,..,..,..,..
Sierra Leone,SLE,CPIA gender equality rating (1=low to 6=high),IQ.CPA.GNDR.XQ,3,3,3,3,..
Sierra Leone,SLE,"Employment in industry, female (% of female employment) (modeled ILO estimate)",SL.IND.EMPL.FE.ZS,5.992992,6.304607,6.717,6.996661,..
Singapore,SGP,CPIA gender equality rating (1=low to 6=high),IQ.CPA.GNDR.XQ,..,..,..,..,..
Singapore,SGP,"Employment in industry, female (% of female employment) (modeled ILO estimate)",SL.IND.EMPL.FE.ZS,11.17975,10.39664,10.54026,10.47375,..
Sint Maarten (Dutch part),SXM,CPIA gender equality rating (1=low to 6=high),IQ.CPA.GNDR.XQ,..,..,..,..,..
Sint Maarten (Dutch part),SXM,"Employment in industry, female (% of female employment) (modeled ILO estimate)",SL.IND.EMPL.FE.ZS,..,..,..,..,..
Slovak Republic,SVK,CPIA gender equality rating (1=low to 6=high),IQ.CPA.GNDR.XQ,..,..,..,..,..
Slovak Republic,SVK,"Employment in industry, female (% of female employment) (modeled ILO estimate)",SL.IND.EMPL.FE.ZS,20.55272,20.22126,21.09296,21.60712,..
Slovenia,SVN,CPIA gender equality rating (1=low to 6=high),IQ.CPA.GNDR.XQ,..,..,..,..,..
Slovenia,SVN,"Employment in industry, female (% of female employment) (modeled ILO estimate)",SL.IND.EMPL.FE.ZS,20.34023,20.43696,19.13457,16.72639,..
Solomon Islands,SLB,CPIA gender equality rating (1=low to 6=high),IQ.CPA.GNDR.XQ,3,3,3,3,..
Solomon Islands,SLB,"Employment in industry, female (% of female employment) (modeled ILO estimate)",SL.IND.EMPL.FE.ZS,5.210273,5.506366,5.654505,5.690262,..
Somalia,SOM,CPIA gender equality rating (1=low to 6=high),IQ.CPA.GNDR.XQ,..,2,2,2,..
Somalia,SOM,"Employment in industry, female (% of female employment) (modeled ILO estimate)",SL.IND.EMPL.FE.ZS,13.5508,13.36947,13.55709,13.61007,..
South Africa,ZAF,CPIA gender equality rating (1=low to 6=high),IQ.CPA.GNDR.XQ,..,..,..,..,..
South Africa,ZAF,"Employment in industry, female (% of female employment) (modeled ILO estimate)",SL.IND.EMPL.FE.ZS,10.02311,10.26918,9.507716,9.17773,..
South Sudan,SSD,CPIA gender equality rating (1=low to 6=high),IQ.CPA.GNDR.XQ,1.5,1.5,1.5,1.5,..
South Sudan,SSD,"Employment in industry, female (% of female employment) (modeled ILO estimate)",SL.IND.EMPL.FE.ZS,6.731253,6.541882,6.573295,6.624214,..
Spain,ESP,CPIA gender equality rating (1=low to 6=high),IQ.CPA.GNDR.XQ,..,..,..,..,..
Spain,ESP,"Employment in industry, female (% of female employment) (modeled ILO estimate)",SL.IND.EMPL.FE.ZS,9.133335,9.455041,9.584864,9.096174,..
Sri Lanka,LKA,CPIA gender equality rating (1=low to 6=high),IQ.CPA.GNDR.XQ,..,4,..,..,..
Sri Lanka,LKA,"Employment in industry, female (% of female employment) (modeled ILO estimate)",SL.IND.EMPL.FE.ZS,26.08992,26.72039,27.01367,26.48538,..
St. Kitts and Nevis,KNA,CPIA gender equality rating (1=low to 6=high),IQ.CPA.GNDR.XQ,..,..,..,..,..
St. Kitts and Nevis,KNA,"Employment in industry, female (% of female employment) (modeled ILO estimate)",SL.IND.EMPL.FE.ZS,..,..,..,..,..
St. Lucia,LCA,CPIA gender equality rating (1=low to 6=high),IQ.CPA.GNDR.XQ,4,4,4,4,..
St. Lucia,LCA,"Employment in industry, female (% of female employment) (modeled ILO estimate)",SL.IND.EMPL.FE.ZS,6.304686,6.379867,4.909438,6.919368,..
St. Martin (French part),MAF,CPIA gender equality rating (1=low to 6=high),IQ.CPA.GNDR.XQ,..,..,..,..,..
St. Martin (French part),MAF,"Employment in industry, female (% of female employment) (modeled ILO estimate)",SL.IND.EMPL.FE.ZS,..,..,..,..,..
St. Vincent and the Grenadines,VCT,CPIA gender equality rating (1=low to 6=high),IQ.CPA.GNDR.XQ,3.5,3.5,3.5,3.5,..
St. Vincent and the Grenadines,VCT,"Employment in industry, female (% of female employment) (modeled ILO estimate)",SL.IND.EMPL.FE.ZS,6.729901,6.69978,6.857759,6.835443,..
Sudan,SDN,CPIA gender equality rating (1=low to 6=high),IQ.CPA.GNDR.XQ,2.5,2.5,2.5,2.5,..
Sudan,SDN,"Employment in industry, female (% of female employment) (modeled ILO estimate)",SL.IND.EMPL.FE.ZS,3.860344,3.790602,3.890266,3.87826,..
Suriname,SUR,CPIA gender equality rating (1=low to 6=high),IQ.CPA.GNDR.XQ,..,..,..,..,..
Suriname,SUR,"Employment in industry, female (% of female employment) (modeled ILO estimate)",SL.IND.EMPL.FE.ZS,11.31575,11.41535,11.74314,11.53803,..
Sweden,SWE,CPIA gender equality rating (1=low to 6=high),IQ.CPA.GNDR.XQ,..,..,..,..,..
Sweden,SWE,"Employment in industry, female (% of female employment) (modeled ILO estimate)",SL.IND.EMPL.FE.ZS,7.13268,7.108583,7.316459,7.828652,..
Switzerland,CHE,CPIA gender equality rating (1=low to 6=high),IQ.CPA.GNDR.XQ,..,..,..,..,..
Switzerland,CHE,"Employment in industry, female (% of female employment) (modeled ILO estimate)",SL.IND.EMPL.FE.ZS,9.844881,10.13731,10.08374,9.674749,..
Syrian Arab Republic,SYR,CPIA gender equality rating (1=low to 6=high),IQ.CPA.GNDR.XQ,..,..,..,..,..
Syrian Arab Republic,SYR,"Employment in industry, female (% of female employment) (modeled ILO estimate)",SL.IND.EMPL.FE.ZS,7.177995,7.397888,7.380228,7.562815,..
Tajikistan,TJK,CPIA gender equality rating (1=low to 6=high),IQ.CPA.GNDR.XQ,4,4,4,4,..
Tajikistan,TJK,"Employment in industry, female (% of female employment) (modeled ILO estimate)",SL.IND.EMPL.FE.ZS,6.741095,6.945969,7.181251,7.245629,..
Tanzania,TZA,CPIA gender equality rating (1=low to 6=high),IQ.CPA.GNDR.XQ,3,3,3,3,..
Tanzania,TZA,"Employment in industry, female (% of female employment) (modeled ILO estimate)",SL.IND.EMPL.FE.ZS,3.061191,3.071927,3.14959,3.203509,..
Thailand,THA,CPIA gender equality rating (1=low to 6=high),IQ.CPA.GNDR.XQ,..,..,..,..,..
Thailand,THA,"Employment in industry, female (% of female employment) (modeled ILO estimate)",SL.IND.EMPL.FE.ZS,20.00403,19.80312,19.45201,18.99995,..
Timor-Leste,TLS,CPIA gender equality rating (1=low to 6=high),IQ.CPA.GNDR.XQ,3.5,3.5,3.5,3.5,..
Timor-Leste,TLS,"Employment in industry, female (% of female employment) (modeled ILO estimate)",SL.IND.EMPL.FE.ZS,8.832117,9.994398,10.41403,10.62927,..
Togo,TGO,CPIA gender equality rating (1=low to 6=high),IQ.CPA.GNDR.XQ,3,3.5,3.5,3.5,..
Togo,TGO,"Employment in industry, female (% of female employment) (modeled ILO estimate)",SL.IND.EMPL.FE.ZS,16.86845,16.66304,16.99045,16.95464,..
Tonga,TON,CPIA gender equality rating (1=low to 6=high),IQ.CPA.GNDR.XQ,3,3,3,3,..
Tonga,TON,"Employment in industry, female (% of female employment) (modeled ILO estimate)",SL.IND.EMPL.FE.ZS,37.96406,37.91308,38.39193,38.48257,..
Trinidad and Tobago,TTO,CPIA gender equality rating (1=low to 6=high),IQ.CPA.GNDR.XQ,..,..,..,..,..
Trinidad and Tobago,TTO,"Employment in industry, female (% of female employment) (modeled ILO estimate)",SL.IND.EMPL.FE.ZS,12.24454,12.1453,12.68606,12.70966,..
Tunisia,TUN,CPIA gender equality rating (1=low to 6=high),IQ.CPA.GNDR.XQ,..,..,..,..,..
Tunisia,TUN,"Employment in industry, female (% of female employment) (modeled ILO estimate)",SL.IND.EMPL.FE.ZS,32.30191,32.06614,32.42558,32.21316,..
Turkiye,TUR,CPIA gender equality rating (1=low to 6=high),IQ.CPA.GNDR.XQ,..,..,..,..,..
Turkiye,TUR,"Employment in industry, female (% of female employment) (modeled ILO estimate)",SL.IND.EMPL.FE.ZS,15.95708,15.77855,16.73849,16.58574,..
Turkmenistan,TKM,CPIA gender equality rating (1=low to 6=high),IQ.CPA.GNDR.XQ,..,..,..,..,..
Turkmenistan,TKM,"Employment in industry, female (% of female employment) (modeled ILO estimate)",SL.IND.EMPL.FE.ZS,24.6265,25.16656,25.49277,25.6474,..
Turks and Caicos Islands,TCA,CPIA gender equality rating (1=low to 6=high),IQ.CPA.GNDR.XQ,..,..,..,..,..
Turks and Caicos Islands,TCA,"Employment in industry, female (% of female employment) (modeled ILO estimate)",SL.IND.EMPL.FE.ZS,..,..,..,..,..
Tuvalu,TUV,CPIA gender equality rating (1=low to 6=high),IQ.CPA.GNDR.XQ,3,3,3,3,..
Tuvalu,TUV,"Employment in industry, female (% of female employment) (modeled ILO estimate)",SL.IND.EMPL.FE.ZS,..,..,..,..,..
Uganda,UGA,CPIA gender equality rating (1=low to 6=high),IQ.CPA.GNDR.XQ,3,3,3,3,..
Uganda,UGA,"Employment in industry, female (% of female employment) (modeled ILO estimate)",SL.IND.EMPL.FE.ZS,4.915985,5.031683,5.238045,5.265135,..
Ukraine,UKR,CPIA gender equality rating (1=low to 6=high),IQ.CPA.GNDR.XQ,..,..,..,..,..
Ukraine,UKR,"Employment in industry, female (% of female employment) (modeled ILO estimate)",SL.IND.EMPL.FE.ZS,13.7025,13.43964,13.55611,13.61483,..
United Arab Emirates,ARE,CPIA gender equality rating (1=low to 6=high),IQ.CPA.GNDR.XQ,..,..,..,..,..
United Arab Emirates,ARE,"Employment in industry, female (% of female employment) (modeled ILO estimate)",SL.IND.EMPL.FE.ZS,5.486835,4.994152,5.605221,5.031159,..
United Kingdom,GBR,CPIA gender equality rating (1=low to 6=high),IQ.CPA.GNDR.XQ,..,..,..,..,..
United Kingdom,GBR,"Employment in industry, female (% of female employment) (modeled ILO estimate)",SL.IND.EMPL.FE.ZS,7.469033,7.737601,7.976985,7.952549,..
United States,USA,CPIA gender equality rating (1=low to 6=high),IQ.CPA.GNDR.XQ,..,..,..,..,..
United States,USA,"Employment in industry, female (% of female employment) (modeled ILO estimate)",SL.IND.EMPL.FE.ZS,8.580613,8.710109,8.705888,8.56283,..
Uruguay,URY,CPIA gender equality rating (1=low to 6=high),IQ.CPA.GNDR.XQ,..,..,..,..,..
Uruguay,URY,"Employment in industry, female (% of female employment) (modeled ILO estimate)",SL.IND.EMPL.FE.ZS,8.711329,8.557735,8.53899,9.374021,..
Uzbekistan,UZB,CPIA gender equality rating (1=low to 6=high),IQ.CPA.GNDR.XQ,4,4,4.5,4.5,..
Uzbekistan,UZB,"Employment in industry, female (% of female employment) (modeled ILO estimate)",SL.IND.EMPL.FE.ZS,13.35643,13.55805,13.75273,13.76148,..
Vanuatu,VUT,CPIA gender equality rating (1=low to 6=high),IQ.CPA.GNDR.XQ,3.5,3.5,3.5,3.5,..
Vanuatu,VUT,"Employment in industry, female (% of female employment) (modeled ILO estimate)",SL.IND.EMPL.FE.ZS,5.275605,5.453785,5.712799,5.826914,..
"Venezuela, RB",VEN,CPIA gender equality rating (1=low to 6=high),IQ.CPA.GNDR.XQ,..,..,..,..,..
"Venezuela, RB",VEN,"Employment in industry, female (% of female employment) (modeled ILO estimate)",SL.IND.EMPL.FE.ZS,11.23426,11.28199,11.6663,11.1088,..
Vietnam,VNM,CPIA gender equality rating (1=low to 6=high),IQ.CPA.GNDR.XQ,..,..,..,..,..
Vietnam,VNM,"Employment in industry, female (% of female employment) (modeled ILO estimate)",SL.IND.EMPL.FE.ZS,22.88165,24.69908,26.80697,29.35409,..
Virgin Islands (U.S.),VIR,CPIA gender equality rating (1=low to 6=high),IQ.CPA.GNDR.XQ,..,..,..,..,..
Virgin Islands (U.S.),VIR,"Employment in industry, female (% of female employment) (modeled ILO estimate)",SL.IND.EMPL.FE.ZS,6.779954,6.705825,7.012404,6.94663,..
West Bank and Gaza,PSE,CPIA gender equality rating (1=low to 6=high),IQ.CPA.GNDR.XQ,..,..,..,..,..
West Bank and Gaza,PSE,"Employment in industry, female (% of female employment) (modeled ILO estimate)",SL.IND.EMPL.FE.ZS,9.750762,7.888113,8.177579,7.332452,..
"Yemen, Rep.",YEM,CPIA gender equality rating (1=low to 6=high),IQ.CPA.GNDR.XQ,1.5,1.5,1.5,1.5,..
"Yemen, Rep.",YEM,"Employment in industry, female (% of female employment) (modeled ILO estimate)",SL.IND.EMPL.FE.ZS,12.87482,13.09648,13.517,14.0876,..
Zambia,ZMB,CPIA gender equality rating (1=low to 6=high),IQ.CPA.GNDR.XQ,3,3,3,3,..
Zambia,ZMB,"Employment in industry, female (% of female employment) (modeled ILO estimate)",SL.IND.EMPL.FE.ZS,3.043366,2.995386,3.329415,3.247957,..
Zimbabwe,ZWE,CPIA gender equality rating (1=low to 6=high),IQ.CPA.GNDR.XQ,4,4,4,4,..
Zimbabwe,ZWE,"Employment in industry, female (% of female employment) (modeled ILO estimate)",SL.IND.EMPL.FE.ZS,3.860626,4.520526,4.526682,4.61645,..
Africa Eastern and Southern,AFE,CPIA gender equality rating (1=low to 6=high),IQ.CPA.GNDR.XQ,3.30555555555556,3.23684210526316,3.23684210526316,3.21052631578947,..
Africa Eastern and Southern,AFE,"Employment in industry, female (% of female employment) (modeled ILO estimate)",SL.IND.EMPL.FE.ZS,6.34731214593995,6.48245558394497,6.59328441893454,6.59931398274214,..
Africa Western and Central,AFW,CPIA gender equality rating (1=low to 6=high),IQ.CPA.GNDR.XQ,3.075,3.1,3.15,3.175,..
Africa Western and Central,AFW,"Employment in industry, female (% of female employment) (modeled ILO estimate)",SL.IND.EMPL.FE.ZS,11.8280690209496,11.8761081615665,12.2942899427327,12.3754865396746,..
Arab World,ARB,CPIA gender equality rating (1=low to 6=high),IQ.CPA.GNDR.XQ,2.7,2.58333333333333,2.66666666666667,2.66666666666667,..
Arab World,ARB,"Employment in industry, female (% of female employment) (modeled ILO estimate)",SL.IND.EMPL.FE.ZS,10.3734222966295,10.7715265081519,11.1420980824688,11.1953699175531,..
Caribbean small states,CSS,CPIA gender equality rating (1=low to 6=high),IQ.CPA.GNDR.XQ,3.4,3.4,3.4,3.4,..
Caribbean small states,CSS,"Employment in industry, female (% of female employment) (modeled ILO estimate)",SL.IND.EMPL.FE.ZS,8.29018423416634,7.90339670364775,8.0492539085877,8.04644594304025,..
Central Europe and the Baltics,CEB,CPIA gender equality rating (1=low to 6=high),IQ.CPA.GNDR.XQ,..,..,..,..,..
Central Europe and the Baltics,CEB,"Employment in industry, female (% of female employment) (modeled ILO estimate)",SL.IND.EMPL.FE.ZS,19.4583879960957,19.3365401106352,19.0868363558282,18.939605101425,..
Early-demographic dividend,EAR,CPIA gender equality rating (1=low to 6=high),IQ.CPA.GNDR.XQ,3.39655172413793,3.43103448275862,3.48275862068966,3.43103448275862,..
Early-demographic dividend,EAR,"Employment in industry, female (% of female employment) (modeled ILO estimate)",SL.IND.EMPL.FE.ZS,14.8685194249041,15.1770566005216,14.4334387994894,14.4912866305836,..
East Asia & Pacific,EAS,CPIA gender equality rating (1=low to 6=high),IQ.CPA.GNDR.XQ,3.25,3.32142857142857,3.35714285714286,3.28571428571429,..
East Asia & Pacific,EAS,"Employment in industry, female (% of female employment) (modeled ILO estimate)",SL.IND.EMPL.FE.ZS,21.2741581688529,20.9319039309842,21.1222060996685,21.4259378986661,..
East Asia & Pacific (excluding high income),EAP,CPIA gender equality rating (1=low to 6=high),IQ.CPA.GNDR.XQ,3.25,3.32142857142857,3.35714285714286,3.28571428571429,..
East Asia & Pacific (excluding high income),EAP,"Employment in industry, female (% of female employment) (modeled ILO estimate)",SL.IND.EMPL.FE.ZS,22.1685243981716,21.8344433839129,22.0625087221742,22.4011640370063,..
East Asia & Pacific (IDA & IBRD countries),TEA,CPIA gender equality rating (1=low to 6=high),IQ.CPA.GNDR.XQ,3.25,3.32142857142857,3.35714285714286,3.28571428571429,..
East Asia & Pacific (IDA & IBRD countries),TEA,"Employment in industry, female (% of female employment) (modeled ILO estimate)",SL.IND.EMPL.FE.ZS,22.3432705240987,22.0061289972958,22.2357498871438,22.5780911132369,..
Euro area,EMU,CPIA gender equality rating (1=low to 6=high),IQ.CPA.GNDR.XQ,..,..,..,..,..
Euro area,EMU,"Employment in industry, female (% of female employment) (modeled ILO estimate)",SL.IND.EMPL.FE.ZS,11.5949588804798,11.5693552568251,11.6323069222229,11.5833616088178,..
Europe & Central Asia,ECS,CPIA gender equality rating (1=low to 6=high),IQ.CPA.GNDR.XQ,4.1,4.1,4.125,4.125,..
Europe & Central Asia,ECS,"Employment in industry, female (% of female employment) (modeled ILO estimate)",SL.IND.EMPL.FE.ZS,13.2685585355199,13.2035274613292,13.22376729667,13.2045740108376,..
Europe & Central Asia (excluding high income),ECA,CPIA gender equality rating (1=low to 6=high),IQ.CPA.GNDR.XQ,4.1,4.1,4.125,4.125,..
Europe & Central Asia (excluding high income),ECA,"Employment in industry, female (% of female employment) (modeled ILO estimate)",SL.IND.EMPL.FE.ZS,15.1266715621561,15.0018970954123,15.0485416993809,15.0921691442243,..
Europe & Central Asia (IDA & IBRD countries),TEC,CPIA gender equality rating (1=low to 6=high),IQ.CPA.GNDR.XQ,4.1,4.1,4.125,4.125,..
Europe & Central Asia (IDA & IBRD countries),TEC,"Employment in industry, female (% of female employment) (modeled ILO estimate)",SL.IND.EMPL.FE.ZS,15.6079025326949,15.4927911129608,15.476412623492,15.4806712956137,..
European Union,EUU,CPIA gender equality rating (1=low to 6=high),IQ.CPA.GNDR.XQ,..,..,..,..,..
European Union,EUU,"Employment in industry, female (% of female employment) (modeled ILO estimate)",SL.IND.EMPL.FE.ZS,13.0411821890836,12.9875960379343,12.9831589986188,12.9043222576401,..
Fragile and conflict affected situations,FCS,CPIA gender equality rating (1=low to 6=high),IQ.CPA.GNDR.XQ,2.82758620689655,2.81666666666667,2.85,2.86206896551724,..
Fragile and conflict affected situations,FCS,"Employment in industry, female (% of female employment) (modeled ILO estimate)",SL.IND.EMPL.FE.ZS,9.68779938953062,9.7204128903114,10.0060559695672,9.25967551423505,..
Heavily indebted poor countries (HIPC),HPC,CPIA gender equality rating (1=low to 6=high),IQ.CPA.GNDR.XQ,3.12162162162162,3.10526315789474,3.13157894736842,3.17567567567568,..
Heavily indebted poor countries (HIPC),HPC,"Employment in industry, female (% of female employment) (modeled ILO estimate)",SL.IND.EMPL.FE.ZS,7.86723581788802,7.92651669555445,8.17920267235747,8.04267135292789,..
High income,HIC,CPIA gender equality rating (1=low to 6=high),IQ.CPA.GNDR.XQ,..,..,..,..,..
High income,HIC,"Employment in industry, female (% of female employment) (modeled ILO estimate)",SL.IND.EMPL.FE.ZS,11.1106831683392,11.0745001629079,11.1999346866117,11.1146765614529,..
IBRD only,IBD,CPIA gender equality rating (1=low to 6=high),IQ.CPA.GNDR.XQ,4.25,4.25,..,..,..
IBRD only,IBD,"Employment in industry, female (% of female employment) (modeled ILO estimate)",SL.IND.EMPL.FE.ZS,19.3385461796917,19.2124228137503,19.0398766567151,19.2414152540247,..
IDA & IBRD total,IBT,CPIA gender equality rating (1=low to 6=high),IQ.CPA.GNDR.XQ,3.23972602739726,3.25333333333333,3.26027397260274,3.27083333333333,..
IDA & IBRD total,IBT,"Employment in industry, female (% of female employment) (modeled ILO estimate)",SL.IND.EMPL.FE.ZS,17.332455092806,17.2181247843157,17.0854307958982,17.2302070985798,..
IDA blend,IDB,CPIA gender equality rating (1=low to 6=high),IQ.CPA.GNDR.XQ,3.35714285714286,3.35714285714286,3.43333333333333,3.43333333333333,..
IDA blend,IDB,"Employment in industry, female (% of female employment) (modeled ILO estimate)",SL.IND.EMPL.FE.ZS,12.6061380789379,12.194293391636,12.4412905320119,12.5061231441622,..
IDA only,IDX,CPIA gender equality rating (1=low to 6=high),IQ.CPA.GNDR.XQ,3.17543859649123,3.19491525423729,3.21551724137931,3.2280701754386,..
IDA only,IDX,"Employment in industry, female (% of female employment) (modeled ILO estimate)",SL.IND.EMPL.FE.ZS,10.0822043791121,10.1485029667529,10.4659197117162,9.97252338772844,..
IDA total,IDA,CPIA gender equality rating (1=low to 6=high),IQ.CPA.GNDR.XQ,3.2112676056338,3.22602739726027,3.26027397260274,3.27083333333333,..
IDA total,IDA,"Employment in industry, female (% of female employment) (modeled ILO estimate)",SL.IND.EMPL.FE.ZS,10.7937012683202,10.7288231382262,11.026749209434,10.7248541887004,..
Late-demographic dividend,LTE,CPIA gender equality rating (1=low to 6=high),IQ.CPA.GNDR.XQ,3.91666666666667,3.92857142857143,3.8,3.8,..
Late-demographic dividend,LTE,"Employment in industry, female (% of female employment) (modeled ILO estimate)",SL.IND.EMPL.FE.ZS,21.1974678186791,20.9036175387676,21.230672385611,21.4636726904179,..
Latin America & Caribbean,LCN,CPIA gender equality rating (1=low to 6=high),IQ.CPA.GNDR.XQ,3.375,3.375,3.375,3.375,..
Latin America & Caribbean,LCN,"Employment in industry, female (% of female employment) (modeled ILO estimate)",SL.IND.EMPL.FE.ZS,12.2744575135638,11.9745984289429,12.1085376333974,12.0147061872802,..
Latin America & Caribbean (excluding high income),LAC,CPIA gender equality rating (1=low to 6=high),IQ.CPA.GNDR.XQ,3.375,3.375,3.375,3.375,..
Latin America & Caribbean (excluding high income),LAC,"Employment in industry, female (% of female employment) (modeled ILO estimate)",SL.IND.EMPL.FE.ZS,12.4653723926904,12.1349765181548,12.2435890151364,12.1529087297262,..
Latin America & the Caribbean (IDA & IBRD countries),TLA,CPIA gender equality rating (1=low to 6=high),IQ.CPA.GNDR.XQ,3.375,3.375,3.375,3.375,..
Latin America & the Caribbean (IDA & IBRD countries),TLA,"Employment in industry, female (% of female employment) (modeled ILO estimate)",SL.IND.EMPL.FE.ZS,12.3306310941797,12.0265567827674,12.1621380361006,12.0647569653617,..
Least developed countries: UN classification,LDC,CPIA gender equality rating (1=low to 6=high),IQ.CPA.GNDR.XQ,3.07954545454545,3.07777777777778,3.12222222222222,3.125,..
Least developed countries: UN classification,LDC,"Employment in industry, female (% of female employment) (modeled ILO estimate)",SL.IND.EMPL.FE.ZS,9.14463361918227,9.25035628442929,9.55569450030788,8.97972955868588,..
Low & middle income,LMY,CPIA gender equality rating (1=low to 6=high),IQ.CPA.GNDR.XQ,3.23972602739726,3.25333333333333,3.26027397260274,3.27083333333333,..
Low & middle income,LMY,"Employment in industry, female (% of female employment) (modeled ILO estimate)",SL.IND.EMPL.FE.ZS,17.3224071484446,17.2042278182378,17.0689625132577,17.2214207500103,..
Low income,LIC,CPIA gender equality rating (1=low to 6=high),IQ.CPA.GNDR.XQ,2.92,2.90384615384615,2.94230769230769,2.98,..
Low income,LIC,"Employment in industry, female (% of female employment) (modeled ILO estimate)",SL.IND.EMPL.FE.ZS,7.12751122361173,7.30363730521299,7.54270501066833,7.37253428199392,..
Lower middle income,LMC,CPIA gender equality rating (1=low to 6=high),IQ.CPA.GNDR.XQ,3.40540540540541,3.44736842105263,3.45833333333333,3.44444444444444,..
Lower middle income,LMC,"Employment in industry, female (% of female employment) (modeled ILO estimate)",SL.IND.EMPL.FE.ZS,15.4223852412975,15.8460789178169,15.2026535126544,15.4799892952132,..
Middle East & North Africa,MEA,CPIA gender equality rating (1=low to 6=high),IQ.CPA.GNDR.XQ,2.25,2.25,2.5,2.5,..
Middle East & North Africa,MEA,"Employment in industry, female (% of female employment) (modeled ILO estimate)",SL.IND.EMPL.FE.ZS,13.6509381114658,14.0292301385443,13.8136550095518,13.9837714130761,..
Middle East & North Africa (excluding high income),MNA,CPIA gender equality rating (1=low to 6=high),IQ.CPA.GNDR.XQ,2.25,2.25,2.5,2.5,..
Middle East & North Africa (excluding high income),MNA,"Employment in industry, female (% of female employment) (modeled ILO estimate)",SL.IND.EMPL.FE.ZS,16.1735365449636,16.7394071148438,16.022755523322,16.0032485728908,..
Middle East & North Africa (IDA & IBRD countries),TMN,CPIA gender equality rating (1=low to 6=high),IQ.CPA.GNDR.XQ,2.25,2.25,2.5,2.5,..
Middle East & North Africa (IDA & IBRD countries),TMN,"Employment in industry, female (% of female employment) (modeled ILO estimate)",SL.IND.EMPL.FE.ZS,16.2225716265936,16.8142089930387,16.0892732058254,16.0779028687285,..
Middle income,MIC,CPIA gender equality rating (1=low to 6=high),IQ.CPA.GNDR.XQ,3.40625,3.43877551020408,3.43617021276596,3.42553191489362,..
Middle income,MIC,"Employment in industry, female (% of female employment) (modeled ILO estimate)",SL.IND.EMPL.FE.ZS,18.4875675576964,18.3410214245782,18.2149238522973,18.4018147139805,..
North America,NAC,CPIA gender equality rating (1=low to 6=high),IQ.CPA.GNDR.XQ,..,..,..,..,..
North America,NAC,"Employment in industry, female (% of female employment) (modeled ILO estimate)",SL.IND.EMPL.FE.ZS,8.56762448291317,8.66939563901835,8.70638882716852,8.58512849780791,..
Not classified,INX,CPIA gender equality rating (1=low to 6=high),IQ.CPA.GNDR.XQ,..,..,..,..,..
Not classified,INX,"Employment in industry, female (% of female employment) (modeled ILO estimate)",SL.IND.EMPL.FE.ZS,..,..,..,..,..
OECD members,OED,CPIA gender equality rating (1=low to 6=high),IQ.CPA.GNDR.XQ,..,..,..,..,..
OECD members,OED,"Employment in industry, female (% of female employment) (modeled ILO estimate)",SL.IND.EMPL.FE.ZS,11.6319587238026,11.5413905498869,11.5878525265231,11.5014366549022,..
Other small states,OSS,CPIA gender equality rating (1=low to 6=high),IQ.CPA.GNDR.XQ,3.35,3.35,3.4,3.4,..
Other small states,OSS,"Employment in industry, female (% of female employment) (modeled ILO estimate)",SL.IND.EMPL.FE.ZS,11.8415310740632,12.1095756973465,12.1549567498239,12.2008406991735,..
Pacific island small states,PSS,CPIA gender equality rating (1=low to 6=high),IQ.CPA.GNDR.XQ,3.0625,3.1875,3.33333333333333,3.27777777777778,..
Pacific island small states,PSS,"Employment in industry, female (% of female employment) (modeled ILO estimate)",SL.IND.EMPL.FE.ZS,7.55389362799593,7.64673092993011,7.80462903254205,7.80741612497924,..
Post-demographic dividend,PST,CPIA gender equality rating (1=low to 6=high),IQ.CPA.GNDR.XQ,..,..,..,..,..
Post-demographic dividend,PST,"Employment in industry, female (% of female employment) (modeled ILO estimate)",SL.IND.EMPL.FE.ZS,10.8605055695494,10.8235341931225,10.9141409871037,10.8190291437254,..
Pre-demographic dividend,PRE,CPIA gender equality rating (1=low to 6=high),IQ.CPA.GNDR.XQ,3,2.98529411764706,3.01470588235294,3.07575757575758,..
Pre-demographic dividend,PRE,"Employment in industry, female (% of female employment) (modeled ILO estimate)",SL.IND.EMPL.FE.ZS,8.15616373414252,8.25330797254751,8.49578836080936,8.35944835720302,..
Small states,SST,CPIA gender equality rating (1=low to 6=high),IQ.CPA.GNDR.XQ,3.26086956521739,3.30434782608696,3.375,3.35416666666667,..
Small states,SST,"Employment in industry, female (% of female employment) (modeled ILO estimate)",SL.IND.EMPL.FE.ZS,10.8219166898674,10.9453048483126,11.0341650300176,11.0602930438941,..
South Asia,SAS,CPIA gender equality rating (1=low to 6=high),IQ.CPA.GNDR.XQ,3,3.14285714285714,3,3.3,..
South Asia,SAS,"Employment in industry, female (% of female employment) (modeled ILO estimate)",SL.IND.EMPL.FE.ZS,17.3579089078745,18.0264959773464,16.3135275056065,16.6596982657262,..
South Asia (IDA & IBRD),TSA,CPIA gender equality rating (1=low to 6=high),IQ.CPA.GNDR.XQ,3,3.14285714285714,3,3.3,..
South Asia (IDA & IBRD),TSA,"Employment in industry, female (% of female employment) (modeled ILO estimate)",SL.IND.EMPL.FE.ZS,17.3579089078745,18.0264959773464,16.3135275056065,16.6596982657262,..
Sub-Saharan Africa,SSF,CPIA gender equality rating (1=low to 6=high),IQ.CPA.GNDR.XQ,3.18421052631579,3.16666666666667,3.19230769230769,3.19230769230769,..
Sub-Saharan Africa,SSF,"Employment in industry, female (% of female employment) (modeled ILO estimate)",SL.IND.EMPL.FE.ZS,8.32684918985079,8.43038855177846,8.65122492820602,8.68118008062053,..
Sub-Saharan Africa (excluding high income),SSA,CPIA gender equality rating (1=low to 6=high),IQ.CPA.GNDR.XQ,3.18421052631579,3.16666666666667,3.19230769230769,3.19230769230769,..
Sub-Saharan Africa (excluding high income),SSA,"Employment in industry, female (% of female employment) (modeled ILO estimate)",SL.IND.EMPL.FE.ZS,8.32684918985079,8.43038855177846,8.65122492820601,8.68118008062053,..
Sub-Saharan Africa (IDA & IBRD countries),TSS,CPIA gender equality rating (1=low to 6=high),IQ.CPA.GNDR.XQ,3.18421052631579,3.16666666666667,3.19230769230769,3.19230769230769,..
Sub-Saharan Africa (IDA & IBRD countries),TSS,"Employment in industry, female (% of female employment) (modeled ILO estimate)",SL.IND.EMPL.FE.ZS,8.32684918985079,8.43038855177846,8.65122492820602,8.68118008062053,..
Upper middle income,UMC,CPIA gender equality rating (1=low to 6=high),IQ.CPA.GNDR.XQ,3.40909090909091,3.40909090909091,3.36363636363636,3.36363636363636,..
Upper middle income,UMC,"Employment in industry, female (% of female employment) (modeled ILO estimate)",SL.IND.EMPL.FE.ZS,20.579578320492,20.1510393171974,20.4429764259248,20.4860626892172,..
World,WLD,CPIA gender equality rating (1=low to 6=high),IQ.CPA.GNDR.XQ,3.23972602739726,3.25333333333333,3.26027397260274,3.27083333333333,..
World,WLD,"Employment in industry, female (% of female employment) (modeled ILO estimate)",SL.IND.EMPL.FE.ZS,16.0084687801709,15.9239359775312,15.8379476167803,15.9499808353708,..
,,,,,,,,
,,,,,,,,
,,,,,,,,
Data from database: World Development Indicators,,,,,,,,
Last Updated: 05/10/2023,,,,,,,,
